1,29,任务29,2022-06-06,5
2,30,任务30,2022-01-11,4
3,10,任务10,2022-08-10,4
4,11,任务11,2023-09-11,5
5,15,任务15,2022-07-29,5
6,19,任务19,2023-07-29,5
7,20,任务20,2021-08-10,4
8,21,任务21,2022-12-11,4
9,23,任务23,2022-12-12,5
10,25,任务25,2023-03-11,4
11,27,任务27,2021-05-04,5
12,28,任务11,2022-01-11,5
13,31,任务31,2022-07-04,5
14,33,任务33,2023-05-13,4
15,35,任务35,2022-09-24,4
16,36,任务36,2023-05-27,4
17,14,任务14,2022-05-14,5
18,15,任务15,2023-01-24,4
19,16,任务16,2022-04-14,5
20,17,任务17,2022-11-24,4
21,29,任务29,2022-05-14,5
22,21,任务21,2022-11-10,3
23,3,任务3,2022-01-14,5
24,5,任务5,2022-07-04,5
25,9,任务9,2022-05-14,5
26,11,任务11,2022-11-10,3
27,8,任务8,2022-09-14,5
28,12,任务12,2023-06-10,3
29,6,任务6,2022-06-17,5
30,7,任务7,2023-12-19,5
31,2,任务2,2022-11-04,5
32,3,任务3,2023-01-10,5
33,10,任务10,2023-02-01,3
